<?xml version="1.0"?>
<configuration>
    <property>
        <name>dfs.namenode.name.dir</name>
        <value>file:/usr/local/hadoop2.7/dfs/name</value>
    </property>
    <property>
        <name>dfs.datanode.data.dir</name>
        <value>file:/usr/local/hadoop2.7/dfs/data</value>
    </property>
	<property>
        <name>dfs.webhdfs.enabled</name>
        <value>true</value>
    </property>
    <property>
        <name>dfs.replication</name>
        <value>2</value>
    </property>
	<property>
	    <name>dfs.permissions.enabled</name>
		<value>false</value>
	</property>
 </configuration>
