<?xml version="1.0" encoding="UTF-8" standalone="no"?> 
<?xml-stylesheet type="text/xsl" href="configuration.xsl"?> 
<configuration> 
        <property>
                <name>hive.metastore.warehouse.dir</name>
                <value>/home/hive/warehouse</value>
        </property>
        <property>
                <name>hive.exec.scratchdir</name>
                <value>/tmp/hive</value>
        </property>
        <property> 
                <name>hive.metastore.uris</name> 
                <value>thrift://hadoop-hive:9083</value> 
                <description>Thrift URI for the remote metastore. Used by metastore client to connect to remote metastore.</description> 
        </property>
        <property>
                <name>hive.server2.transport.mode</name>
                <value>http</value>
        </property>
        <property>
                <name>hive.server2.thrift.http.port</name>
                <value>10001</value>
        </property>
        
        <property> 
                <name>javax.jdo.option.ConnectionURL</name> 
                <value>jdbc:mysql://hadoop-mysql:3306/hive?createDatabaseIfNotExist=true</value> 
        </property> 
        <property> 
                <name>javax.jdo.option.ConnectionDriverName</name> 
                <value>com.mysql.jdbc.Driver</value> 
        </property> 
        <property> 
                <name>javax.jdo.option.ConnectionUserName</name> 
                <value>root</value> 
        </property> 
        <property> 
                <name>javax.jdo.option.ConnectionPassword</name> 
                <value>root</value> 
        </property> 
        <property> 
                <name>hive.metastore.schema.verification</name> 
                <value>false</value> 
        </property>
        <property>
               <name>hive.server2.authentication</name>
               <value>NONE</value>
        </property> 
</configuration>
