<?xml version="1.0"?>
<configuration>
    <property>
        <name>mapreduce.framework.name</name>
        <value>yarn</value>
    </property>
    <property>
        <name>mapreduce.jobhistory.address</name>
        <!-- 配置实际的Master主机名和端口-->
        <value>hadoop-maste:10020</value>
    </property>
    <property>
        <name>mapreduce.map.memory.mb</name>
        <value>4096</value>
    </property>
    <property>
        <name>mapreduce.reduce.memory.mb</name>
        <value>8192</value>
    </property>
	<property>
      <name>yarn.app.mapreduce.am.staging-dir</name>
      <value>/stage</value>
    </property>
    <property>
      <name>mapreduce.jobhistory.done-dir</name>
      <value>/mr-history/done</value>
    </property>
    <property>
      <name>mapreduce.jobhistory.intermediate-done-dir</name>
      <value>/mr-history/tmp</value>
    </property>
</configuration>

