<?xml version="1.0"?>
<configuration>
    <property>
        <name>yarn.nodemanager.aux-services</name>
        <value>mapreduce_shuffle</value>
    </property>
    <property>
        <name>yarn.nodemanager.aux-services.mapreduce_shuffle.class</name>
        <value>org.apache.hadoop.mapred.ShuffleHandler</value>
    </property>
    <property>
        <name>yarn.resourcemanager.hostname</name>
        <value>hadoop-maste</value>
    </property>
	<property>
        <name>yarn.resourcemanager.address</name>
        <value>hadoop-maste:8032</value>
    </property>
    <property>
        <name>yarn.resourcemanager.scheduler.address</name>
        <value>hadoop-maste:8030</value>
    </property>
    <property>
        <name>yarn.resourcemanager.resource-tracker.address</name>
        <value>hadoop-maste:8035</value>
    </property>
    <property>
        <name>yarn.resourcemanager.admin.address</name>
        <value>hadoop-maste:8033</value>
    </property>
    <property>
        <name>yarn.resourcemanager.webapp.address</name>
        <value>hadoop-maste:8088</value>
    </property>
    <property>
        <name>yarn.log-aggregation-enable</name>
        <value>true</value>
   </property>
    <property>
       <name>yarn.nodemanager.vmem-pmem-ratio</name>
       <value>5</value>
    </property>
<property>
    <name>yarn.nodemanager.resource.memory-mb</name>
    <value>22528</value>
    <discription>每个节点可用内存,单位MB</discription>
  </property>
  
  <property>
    <name>yarn.scheduler.minimum-allocation-mb</name>
    <value>4096</value>
    <discription>单个任务可申请最少内存，默认1024MB</discription>
  </property>
  
  <property>
    <name>yarn.scheduler.maximum-allocation-mb</name>
    <value>16384</value>
    <discription>单个任务可申请最大内存，默认8192MB</discription>
  </property>
</configuration>
